<?xml version="1.0" encoding="UTF-8"?>
<addon id="repository.frugalitdad"
       name="FrugalITDad Kodi Repository"
       version="1.0.0"
       provider-name="FrugalITDad">

    <extension point="xbmc.addon.repository">
        <info compressed="false">
            https://frugalitdad.github.io/CutCable/addons.xml
        </info>
        <checksum>
            https://frugalitdad.github.io/CutCable/addons.xml.md5
        </checksum>
        <datadir zip="true">
            https://frugalitdad.github.io/CutCable/zips/
        </datadir>
    </extension>

    <extension point="xbmc.addon.metadata">
        <summary>FrugalITDad Private Kodi Repository</summary>
        <description>Private Kodi repository for CutCable builds and tools.</description>
        <platform>all</platform>
    </extension>

</addon>
