<?xml version="1.0" encoding="UTF-8" standalone="yes"?>
<addon id="plugin.program.cutcable.wizard" 
       name="CutCable Build Wizard" 
       version="1.0.0" 
       provider-name="FrugalITDad"
       type="xbmc.python.script">
    
    <requires>
        <import addon="xbmc.python" version="3.0.0"/>
        <import addon="script.module.requests" version="2.27.1"/>
        <import addon="script.module.simplejson" version="3.17.6"/>
    </requires>
    
    <extension point="xbmc.python.script" library="default.py">
        <provides>executable</provides>
    </extension>
    
    <extension point="xbmc.service" library="service.py" start="startup"/>
    
    <extension point="xbmc.addon.metadata">
        <platform>all</platform>
        <summary lang="en_US">CutCable Build Wizard and Update Manager</summary>
        <description lang="en_US">Install and manage CutCable Kodi builds with automatic updates. Supports multiple build configurations including Plex integration and gaming add-ons.</description>
        <disclaimer lang="en_US">This addon manages Kodi configurations. Use at your own risk.</disclaimer>
        <license>GPL-3.0</license>
        <website>https://github.com/FrugalITDad/FrugalITDad</website>
        <source>https://github.com/FrugalITDad/FrugalITDad</source>
        <language>en</language>
        <news>
v1.0.0 (2025-06-02)
- Initial release
- Support for 6 build configurations
- Automatic update checking
- User settings persistence
- Admin build access
- Beta channel support
        </news>
        <assets>
            <icon>resources/icon.png</icon>
            <fanart>resources/fanart.jpg</fanart>
        </assets>
    </extension>
</addon>
