<?xml version="1.0" encoding="UTF-8" standalone="yes"?>
<addon id="repository.frugalitdad" name="FrugalITDad Repository" version="1.0.0" provider-name="FrugalITDad">
    <extension point="xbmc.addon.repository" name="FrugalITDad Repository">
        <dir>
            <info compressed="false">https://raw.githubusercontent.com/FrugalITDad/FrugalITDad/main/addons.xml</info>
            <checksum>https://raw.githubusercontent.com/FrugalITDad/FrugalITDad/main/addons.xml.md5</checksum>
            <datadir zip="true">https://raw.githubusercontent.com/FrugalITDad/FrugalITDad/main/</datadir>
        </dir>
    </extension>
    <extension point="xbmc.addon.metadata">
        <summary>Addons to make family & friends life easier</summary>
        <description>FrugalITDad Repository - Addons to make family & friends life easier. Features the CutCable Wizard and other helpful tools for entertainment and productivity.</description>
        <platform>all</platform>
        <assets>
            <icon>icon.png</icon>
        </assets>
    </extension>
</addon>
